LQD,GSPC,IEF
2304.6010324423387,4181.185042962925,2387.604181066076
